{
  "lang":"de",
  "name":"pipeline",
  "version":"0.0.0",
  "spacy_version":">=3.0.1,<3.1.0",
  "description":"",
  "author":"",
  "email":"",
  "url":"",
  "license":"",
  "spacy_git_version":"91a3cab1c",
  "vectors":{
    "width":0,
    "vectors":0,
    "keys":0,
    "name":null
  },
  "labels":{
    "tok2vec":[

    ],
    "ner":[
      "Auftreten",
      "BBCH_Stadium",
      "Erreger",
      "Kultur",
      "Mittel",
      "Ort",
      "Witterung",
      "Zeit"
    ],
    "entity_ruler":[
      "Mittel"
    ]
  },
  "pipeline":[
    "tok2vec",
    "ner",
    "entity_ruler"
  ],
  "components":[
    "tok2vec",
    "ner",
    "entity_ruler"
  ],
  "disabled":[

  ],
  "performance":{
    "ents_per_type":{
      "Mittel":{
        "p":0.6603773585,
        "r":0.7632398754,
        "f":0.7080924855
      },
      "Zeit":{
        "p":0.6117647059,
        "r":0.5473684211,
        "f":0.5777777778
      },
      "Kultur":{
        "p":0.841025641,
        "r":0.8754448399,
        "f":0.8578901482
      },
      "Erreger":{
        "p":0.6880907372,
        "r":0.7647058824,
        "f":0.7243781095
      },
      "Ort":{
        "p":0.62,
        "r":0.3604651163,
        "f":0.4558823529
      },
      "Witterung":{
        "p":0.6721311475,
        "r":0.4555555556,
        "f":0.5430463576
      },
      "BBCH_Stadium":{
        "p":0.5789473684,
        "r":0.5301204819,
        "f":0.5534591195
      },
      "Auftreten":{
        "p":0.5151515152,
        "r":0.3736263736,
        "f":0.4331210191
      }
    },
    "ents_f":0.7066596195,
    "ents_p":0.7077818952,
    "ents_r":0.7055408971,
    "tok2vec_loss":2049.9008647243,
    "ner_loss":9338.1567746966
  }
}